Label,Feature,Importance
Q1,w20_02_app_top_통화,0.00283858357471069
Q1,w21_24_app_top_통화,0.0027931885310199904
Q1,w20_24_app_top_통화,0.002431350872150625
Q1,w22_24_app_top_통화,0.0021533705716658895
Q1,gps_w21_24_gps_lon_mean_max,0.002041619256739545
Q1,w18_24_app_top_통화,0.0019390010840389042
Q1,wifi_w22_24_unique_count_mean,0.0018883455497446153
Q1,phone_light_w21_24_m_light_std,0.0018638045823180522
Q1,app_day_app_max_time_mean,0.001715485295635226
Q1,phone_light_w21_24_m_light_median,0.001705071307740344
Q1,wifi_w21_24_unique_count_min,0.001515480980127104
Q1,wifi_w22_24_scan_count_min,0.0015020389981418472
Q1,is_weekend,0.001491852994002372
Q1,phone_light_w22_24_m_light_median,0.0014850984691046716
Q1,app_day_app_max_time_std,0.0014798734377578734
Q1,app_day_app_unique_count_sum,0.0014596736346889154
Q1,wifi_day_scan_count_median,0.0014138348723542122
Q1,wifi_w20_24_scan_count_median,0.0013986692344248426
Q1,wifi_w20_02_scan_count_min,0.0013958481853757825
Q1,app_day_app_top_share_std,0.0013926848200236969
Q1,phone_light_w21_24_m_light_min,0.0013861532794844846
Q1,app_w18_24_app_record_count_median,0.0013806569155651635
Q1,ble_day_rssi_std_min,0.0013805916383332997
Q1,gps_w22_24_stationary_ratio,0.0013619927028784174
Q1,wifi_w22_24_scan_count_median,0.001357936383568484
Q1,wifi_w18_24_unique_count_median,0.001353802302691705
Q1,phone_light_w20_24_m_light_median,0.0013513634178295788
Q1,ble_day_unique_count_mean,0.001345023191695302
Q1,gps_day_gps_lon_mean_mean,0.0013421344902474902
Q1,app_day_app_total_time_median,0.0013380766974056663
Q2,app_w18_24_app_top_share_median,0.005317319895472855
Q2,wifi_w18_24_scan_count_max,0.005250127788819765
Q2,app_w18_24_app_top_share_mean,0.004630997223756068
Q2,activity_state_w18_24_code_4_ratio,0.004611410592026108
Q2,is_weekend,0.004364818118791386
Q2,app_w18_24_app_top_share_min,0.004271777105831962
Q2,app_w18_24_app_top_share_sum,0.004251477533698047
Q2,app_w18_24_app_max_time_mean,0.004225671561923859
Q2,activity_state_w18_24_code_3_ratio,0.004115512952547399
Q2,day_app_top_시스템_ui,0.004104971763108936
Q2,app_w18_24_app_record_count_mean,0.004072070524476852
Q2,wifi_w18_24_unique_count_mean,0.004071281597764178
Q2,app_w18_24_app_max_time_median,0.004050628334760136
Q2,app_w18_24_app_max_time_max,0.003955381967555876
Q2,day_app_top_카카오톡,0.0038958557339605114
Q2,app_w18_24_app_entropy_median,0.003894117705942699
Q2,gps_w18_24_gps_point_count_max,0.003882748043279582
Q2,phone_light_w18_24_m_light_mean,0.003882437280131468
Q2,ble_w18_24_rssi_std_mean,0.0038295136435799637
Q2,wifi_w18_24_scan_count_mean,0.0038155138494929213
Q2,gps_w18_24_gps_speed_mean_max,0.0037732681417858606
Q2,activity_state_w18_24_code_0_count,0.0037170598690695177
Q2,app_w18_24_app_max_time_sum,0.0037115586778136227
Q2,w20_02_app_top_시스템_ui,0.003694511410335479
Q2,wifi_w18_24_unique_count_median,0.0035995778867263695
Q2,month,0.0035824421642074423
Q2,charging_w18_24_ratio,0.0035788680663871313
Q2,wifi_w18_24_unique_count_max,0.0035608461801349286
Q2,app_w18_24_app_max_time_min,0.0035481057773754155
Q2,app_w18_24_app_total_time_sum,0.0035398365813912058
Q3,ble_day_unique_count_max,0.005644846497726006
Q3,ble_day_scan_count_max,0.005411569405854837
Q3,month,0.005258188603457238
Q3,phone_light_day_m_light_mean,0.0049580376263324835
Q3,ble_day_scan_count_std,0.00485979306811325
Q3,ble_day_unique_count_std,0.004610486772592672
Q3,app_day_app_entropy_std,0.004522413365529384
Q3,app_day_app_top_share_std,0.004468725987415724
Q3,phone_light_day_m_light_sum,0.004441669893984137
Q3,phone_light_day_m_light_max,0.004240644332804924
Q3,app_day_app_top_share_median,0.0040745142189233
Q3,wifi_day_rssi_mean_mean,0.00400814819619305
Q3,wifi_day_rssi_mean_median,0.003982110275561599
Q3,weekday,0.003970676832204895
Q3,charging_day_longest_same_state,0.003960772803775192
Q3,app_day_app_max_time_median,0.003889324254922575
Q3,ble_day_rssi_mean_min,0.0037526769724482894
Q3,wifi_day_rssi_min_count,0.003715662115949389
Q3,activity_state_day_code_7_count,0.0037028122269102486
Q3,wifi_day_rssi_max_std,0.0037008006763359076
Q3,is_weekend,0.0036850728437166436
Q3,app_day_app_max_time_std,0.0036478829641404913
Q3,gps_day_gps_point_count_median,0.0036423386582464003
Q3,phone_light_day_m_light_std,0.0036068796493022555
Q3,app_day_app_top_share_mean,0.0035792845606135086
Q3,app_day_app_record_count_count,0.0035787038833912004
Q3,wifi_day_scan_count_max,0.0035654000608280985
Q3,wifi_day_rssi_std_std,0.0035412312090228955
Q3,activity_state_day_code_7_ratio,0.0034674757895914077
Q3,app_day_app_max_time_max,0.003464906792378847
S1,wifi_day_rssi_max_max,0.003197156763418974
S1,ble_day_rssi_std_sum,0.0024389972029739792
S1,app_day_app_total_time_median,0.0023954427571211776
S1,gps_w20_02_gps_lat_mean_median,0.0023400595334124564
S1,screen_day_sum,0.0020560244382633727
S1,w18_24_app_top_카카오톡,0.0018308101715327652
S1,gps_day_gps_lat_mean_max,0.0018003062166860328
S1,watch_light_day_w_light_median,0.0016799802985636484
S1,gps_day_gps_lat_mean_min,0.001624115097532215
S1,gps_w18_24_gps_lat_mean_median,0.0016081948963546553
S1,screen_w21_24_sum,0.0015852522751652637
S1,ble_day_rssi_mean_count,0.0015681348468966608
S1,day_ambience_top1_insect_ratio,0.0015668216946250404
S1,activity_state_w18_24_code_0_ratio,0.0015619731666320716
S1,gps_w21_24_gps_lon_mean_max,0.0015576737696998274
S1,app_day_app_total_time_sum,0.0015548530802408098
S1,gps_w20_24_gps_lat_mean_mean,0.0015491954177286737
S1,gps_w18_24_gps_lat_mean_mean,0.0015220206710674904
S1,app_w18_24_app_entropy_mean,0.0015126923231819766
S1,app_w22_24_app_entropy_median,0.0014860529705616567
S1,gps_w20_02_gps_lat_mean_max,0.0014571001940787223
S1,app_w18_24_app_unique_count_mean,0.001452283066422274
S1,gps_w21_24_gps_lat_mean_median,0.001447781902072776
S1,gps_w20_24_gps_lat_mean_min,0.0014238568233449242
S1,gps_w21_24_gps_lat_mean_mean,0.0014219971232803336
S1,gps_w21_24_gps_lat_mean_max,0.0014182843064459646
S1,screen_w18_24_sum,0.0014165121785780907
S1,app_day_app_max_time_mean,0.0014122920422124264
S1,charging_w22_24_ratio,0.0014100823852308561
S1,ble_day_rssi_max_count,0.0014093145809312407
S2,month,0.00907386307504166
S2,w18_24_app_top_캐시워크,0.008198739372376248
S2,w22_24_app_top_캐시워크,0.006511638057215801
S2,gps_w21_24_gps_lat_mean_median,0.0062881772310480165
S2,day_app_top_캐시워크,0.00597228248093412
S2,w20_02_app_top_캐시워크,0.0057145558771103675
S2,w21_24_app_top_캐시워크,0.00558930785259453
S2,screen_w21_24_sum,0.00537139590915809
S2,wifi_w21_24_unique_count_median,0.005043769082418889
S2,gps_w21_24_gps_point_count_max,0.004929994811719517
S2,gps_w21_24_gps_lat_mean_mean,0.0048267811361012505
S2,w20_24_app_top_캐시워크,0.004772197488376918
S2,watch_light_w21_24_w_light_count,0.00461912162836936
S2,gps_w21_24_gps_lat_mean_min,0.004590162258059031
S2,w20_02_app_top_통화,0.004551486085111624
S2,screen_w21_24_ratio,0.004495295629713758
S2,dayofmonth,0.004379638967651534
S2,wifi_w21_24_rssi_max_max,0.004308538139484085
S2,gps_w21_24_gps_lon_mean_median,0.004199308116603442
S2,wifi_w21_24_rssi_std_max,0.004169449383252212
S2,gps_w21_24_gps_lon_mean_max,0.004144384013804166
S2,wifi_w21_24_rssi_min_median,0.004108472839050681
S2,is_weekend,0.004051230713697958
S2,gps_w21_24_gps_lat_mean_sum,0.004039334240087585
S2,app_w21_24_app_max_time_min,0.003966500684171847
S2,watch_light_w21_24_w_light_max,0.003956332194934637
S2,phone_light_w21_24_m_light_max,0.003922097143412479
S2,w18_24_app_top_시스템_ui,0.0038552295399336633
S2,wifi_w21_24_unique_count_min,0.00382816414970299
S2,app_w21_24_app_total_time_min,0.0036447237333962277
S3,month,0.004352890848503146
S3,wifi_day_rssi_std_max,0.003730612159410333
S3,wifi_day_rssi_max_max,0.0030177530037658502
S3,wifi_w20_02_rssi_max_max,0.0025667541068249596
S3,day_app_top_캐시워크,0.002466245639830557
S3,wifi_w20_24_rssi_std_max,0.0023301082614703324
S3,gps_w20_02_gps_lon_mean_median,0.0023044510114851187
S3,gps_w18_24_gps_lon_mean_min,0.0022896076084248903
S3,w22_24_app_top_캐시워크,0.002260664220570773
S3,wifi_w20_24_rssi_max_max,0.0021388903201409065
S3,w18_24_app_top_캐시워크,0.0021023810721369713
S3,gps_w18_24_gps_lon_mean_median,0.0020696465696256046
S3,wifi_w18_24_rssi_std_max,0.002046980207899417
S3,gps_w21_24_gps_lon_mean_median,0.002021386771621073
S3,gps_w21_24_gps_lat_mean_max,0.001966436270051348
S3,gps_w21_24_gps_lon_mean_max,0.0019457228688931952
S3,gps_w20_02_gps_lon_mean_mean,0.0019301681593254865
S3,wifi_w20_02_scan_count_median,0.0018924573287209018
S3,gps_w22_24_gps_lon_mean_mean,0.0018499783062000624
S3,gps_w21_24_gps_lon_mean_mean,0.0018356390778135868
S3,gps_w22_24_gps_lon_mean_sum,0.0018149630276051017
S3,gps_w22_24_gps_lon_mean_min,0.0017893841829927043
S3,gps_w20_24_gps_lat_mean_mean,0.0017564030577819692
S3,gps_w20_02_gps_lon_mean_min,0.001744665128302997
S3,gps_w21_24_stationary_ratio,0.0017160504582745925
S3,gps_w18_24_gps_speed_mean_max,0.0017106419418539839
S3,gps_w20_24_gps_lat_mean_median,0.0016835795063819606
S3,gps_w21_24_gps_point_count_std,0.0016510383131147204
S3,w20_02_app_top_캐시워크,0.0016304649393568407
S3,gps_w21_24_gps_lon_mean_min,0.0016249450524262144
S4,gps_w21_24_gps_alt_mean_median,0.006568575522682563
S4,month,0.006389057766026882
S4,wifi_w21_24_rssi_max_median,0.006043347223113641
S4,w20_02_ambience_top1_outside_rural_or_natural_ratio,0.0059825182966485825
S4,is_weekend,0.005852158982132629
S4,gps_w21_24_gps_alt_mean_mean,0.0052296401343990585
S4,ble_w21_24_rssi_max_std,0.004956919902792901
S4,day_app_top_instagram,0.004835253273037796
S4,gps_w21_24_gps_lon_mean_mean,0.004737822824916918
S4,wifi_w21_24_scan_count_min,0.004588188351051375
S4,wifi_w21_24_rssi_max_mean,0.004578585942426728
S4,gps_w21_24_gps_lon_mean_min,0.0045648169734568604
S4,watch_light_w21_24_w_light_median,0.004478390155843344
S4,gps_w21_24_gps_lat_mean_min,0.0044313894340883035
S4,weekday,0.004338926101533263
S4,wifi_w21_24_unique_count_mean,0.004250662753694036
S4,wifi_w21_24_unique_count_min,0.004213268141283543
S4,watch_light_w21_24_w_light_max,0.003921048010317287
S4,phone_light_w21_24_m_light_sum,0.0038600097771625446
S4,w20_02_app_top_통화,0.0038500338743192104
S4,wifi_w21_24_scan_count_median,0.003825515659088289
S4,day_app_top_youtube,0.003765373480856013
S4,wifi_w21_24_unique_count_median,0.0037637405962545087
S4,w22_24_app_top_당근,0.003762933910557376
S4,gps_w21_24_gps_lon_mean_median,0.0037265564710467366
S4,wifi_w21_24_rssi_std_median,0.003691775667971889
S4,gps_w21_24_gps_lat_mean_mean,0.003653538125989598
S4,phone_light_w21_24_m_light_median,0.0036373073990086423
S4,gps_w21_24_gps_lon_mean_max,0.003607255882668752
S4,gps_w21_24_gps_lat_mean_sum,0.003596613369051585
